Tweet id,Created Time,Tweet Details,Retweet counts,Source URL
925502707267354624,2017-10-31 23:20:15,RT @ChangeTheGame: X marks the spot to reach a whole new audience! @sevenwestmedia and @ESPNAusNZ bring X Games to Oz in 2018. More: https:‚Ä¶,2,http://twitter.com/download/iphone
925502569132077056,2017-10-31 23:19:42,RT @MediaweekAUS: Inside the @sevenwestmedia / Beyond Productions US joint venture 7Beyond @BEYOND_Dist  https://t.co/eGcY25K6QX https://t.‚Ä¶,1,http://twitter.com/download/iphone
923797962622345216,2017-10-27 06:26:12,"RT @jharleyaus: Impressive @SevenNetwork sports lineup 2018: Winter Olympics, Gold Coast Comm Games + @AFL @AustralianOpen #MelbourneCup #C‚Ä¶",1,http://twitter.com/download/iphone
923797933467693056,2017-10-27 06:26:05,RT @Channel7: @DeltaGoodrem is Olivia Newton-John in Seven's upcoming mini-series Hopelessly Devoted To You #ONJ #allfronts2018 #changetheg‚Ä¶,58,http://twitter.com/download/iphone
923796737688346624,2017-10-27 06:21:20,"RT @Channel7: Manu &amp; Pete are back in 2018 and this time, it won‚Äôt just be the teams who are opening their front doors! #MKR #allfronts2018‚Ä¶",18,http://twitter.com/download/iphone
923748338360401921,2017-10-27 03:09:00,RT @PubliCityNetAu: RT @AdNews: Andrew Denton's coming back to TV and back to Seven! #changethegame https://t.co/kDQjhJvRso,1,http://twitter.com/download/iphone
923748236619276288,2017-10-27 03:08:36,RT @ArvindHickman: Very excited @Channel7 has brought back one of Australia's greatest interviewers to TV. He has been missed. #changethega‚Ä¶,4,http://twitter.com/download/iphone
923747200932356096,2017-10-27 03:04:29,RT @AdNews: Andrew Denton's coming back to TV and back to Seven! #changethegame https://t.co/9h9t1P9KN8,7,http://twitter.com/download/iphone
923740295237328896,2017-10-27 02:37:03,"RT @ChangeTheGame: ‚ùÑÔ∏è Winter is coming, February 2018 on @Channel7 #7Olympics @chumpypullin https://t.co/HqsicQD7v9",3,http://twitter.com/download/iphone
923739595136688129,2017-10-27 02:34:16,"RT @TVWEEKmag: Put it in your diary now! #MKR to launch Monday, January 29, 2018. #7Allfronts #ChangeTheGame https://t.co/jobX6UCxIP",8,http://twitter.com/download/iphone
923738701745741825,2017-10-27 02:30:43,"RT @ChangeTheGame: Content, audience, connection delivers results! @sevenwestmedia investments grow 110% value - 100% of their FTA $ on Sev‚Ä¶",2,http://twitter.com/download/iphone
923737837173850112,2017-10-27 02:27:17,RT @ChangeTheGame: Winter is coming. Watch @BrittyCox and The Aussies go for gold! ü•á‚ùÑÔ∏è #7Olympics #ChangeTheGame https://t.co/XXPJknXByo,3,http://twitter.com/download/iphone
923736915337023488,2017-10-27 02:23:37,RT @ChangeTheGame: The race that stops the nation available on every mobile device &amp; via @Twitter thanks to new partnership + @FlemingtonVR‚Ä¶,5,http://twitter.com/download/iphone
923736492203130880,2017-10-27 02:21:56,RT @AdNews: Seven is talking de-fragmentation and lighting moments that bring people together #changethegame https://t.co/mbNdAPepAS,4,http://twitter.com/download/iphone
923729001809457152,2017-10-27 01:52:10,RT @ChangeTheGame: X marks the spot to reach a whole new audience! @sevenwestmedia and @ESPNAusNZ bring X Games to Oz in 2018. More: https:‚Ä¶,2,http://twitter.com/download/iphone
922173641789382656,2017-10-22 18:51:44,RT @Channel7: A new #telethon7 record SMASHING last year‚Äôs amount by over $10m! Hats off Western Australia. üëèüèª https://t.co/ePouP73G0q,4,http://twitter.com/download/iphone
920979587491799040,2017-10-19 11:46:59,RT @ChangeTheGame: .@womenshealthaus continues to build on 48% traffic ‚¨ÜÔ∏èin last 12 months by launching new premium digital experience http‚Ä¶,1,http://twitter.com/download/iphone
920568833542197248,2017-10-18 08:34:47,Great energy at @WomensHealthMag Women In Sport Awards Tonight #whwins #WomenInSport https://t.co/J6jPYgRSE5,2,http://twitter.com/download/iphone
918318974600744960,2017-10-12 03:34:39,The wait is nearly over! The world premiere of Michael Hutchence: The Last Rockstar premieres on next Monday 7.30 o‚Ä¶ https://t.co/So2o6x3bKY,0,http://twitter.com
918312430257684480,2017-10-12 03:08:39,"Mark your calendars for the 2017 Rugby League World Cup, with AUS v ENG! Watch Live &amp; Free on the screens of Seven‚Ä¶ https://t.co/qP8yEX7Oal",0,http://twitter.com
916856225945358341,2017-10-08 02:42:13,RT @Channel7: The #StarWars films are coming to Seven! #galaxy #empire #thelastjedi #theforce #darthvader #phantommenace #sith #rogueone ht‚Ä¶,18,http://twitter.com/download/iphone
916379470184845312,2017-10-06 19:07:45,"RT @cloudera: Learn More: @Sevenwestmedia, w/ @Cloudera, is delivering innovation in audience engagement https://t.co/wsxnG7RRXJ https://t.‚Ä¶",2,http://twitter.com/download/iphone
913200002784157696,2017-09-28 00:33:41,"You've never been on a holiday like this before...
Instant Hotel, coming soon to @Channel7 https://t.co/k9OmJDsQNB",0,http://twitter.com
911073768847532032,2017-09-22 03:44:48,"Finally after 15 years, breaking evidence is found in the disappearance of an Aussie mum. Don't miss‚Ä¶ https://t.co/CvAwLThjx2",3,http://twitter.com
910755806361960449,2017-09-21 06:41:19,Secret Daughter is back for a magical new season! Coming soon on @Channel7 https://t.co/9jbE0V15MX,0,http://twitter.com
910725158989467648,2017-09-21 04:39:33,"RT @TwitterMktgSG: Seven Network's Head of Screens, Diane Ho @diho7 on @Channel7's content strategy and its partnership with Twitter @Twitt‚Ä¶",9,http://twitter.com/download/iphone
910494079661654017,2017-09-20 13:21:19,RT @MKR_UK: Only 5 days to go! #MyKitchenRulesUK starts Monday 25th September @4pm on @Channel4 https://t.co/neXSKuP5Y0,12,http://twitter.com/download/iphone
910263986481905666,2017-09-19 22:07:00,RT @ChangeTheGame: The change is coming. #changethegame https://t.co/miimOwQhbB,5,http://twitter.com/download/iphone
908117648696786944,2017-09-13 23:58:14,Insight from @Think_TV calls for review of current viewability standard to include 'coverage' #ReThinkTv https://t.co/AdRDHowoXg,2,http://twitter.com/download/iphone
908100215609028608,2017-09-13 22:48:57,Looking forward to hearing @KimPortrate at #ReThinkTv this AM https://t.co/OxF8x4AdKy,1,http://twitter.com/download/iphone
907861511040753664,2017-09-13 07:00:26,"The world's best are coming, right here in Australia!

The Rugby League World Cup, Live &amp; Free on Seven. Coming Oct‚Ä¶ https://t.co/8atDGZIt0z",2,http://twitter.com
907699609044099072,2017-09-12 20:17:05,@Apple Australia confirm the launch of TV app for Apple TV with support for @YahooPLUS7 later this month https://t.co/txZSBi0XNY,2,http://twitter.com/download/iphone
907046745498034176,2017-09-11 01:02:50,"Every truth has two sides... Joanne Frogatt &amp; @ioangruffudd star in this must-see drama event. 

Liar, coming soon‚Ä¶ https://t.co/TIOXOP04dU",2,http://twitter.com
906859941784207360,2017-09-10 12:40:33,@AirTasker partner with @australiapost on Digital ID https://t.co/c0tMCtb6nS,0,http://twitter.com/download/iphone
904583506646274048,2017-09-04 05:54:48,"The ultimate water battle is here! 
#CannonballAU is coming soon to @Channel7 https://t.co/M7kmk7zuXI",1,http://twitter.com
904576644634968064,2017-09-04 05:27:32,Tune in for new @FirstDatesAU next Tuesday 7.30pm on @Channel7!  #FirstDatesAU https://t.co/OBDHqHCZNG,1,http://twitter.com
904505712859951104,2017-09-04 00:45:41,"The world premiere of Michael Hutchence - The Last Rockstar, coming soon on @Channel7 https://t.co/oDRtdbcXCZ",1,http://twitter.com
903464995068854272,2017-09-01 03:50:15,RT @MediaweekAUS: .@sevenwestmedia CEO Tim Worner getting back to business https://t.co/MO7RfPfaYs https://t.co/KWjGByHBkm,2,http://twitter.com/download/iphone
903353760436518913,2017-08-31 20:28:14,RT @Channel7: #LittleBigShotsAU shares the love this Father's Day on Sunday 7.00pm. https://t.co/969GiEU7A4,7,http://twitter.com/download/iphone
902157343743287296,2017-08-28 13:14:06,"RT @ChangeTheGame: Lots of little superstars, one big hit! ‚≠êÔ∏è#LittleBigShotsAU was the #1 Program Launch this year with 2.6M combined viewe‚Ä¶",4,http://twitter.com/download/iphone
901983548692865025,2017-08-28 01:43:30,Sneak Peek: 800 Words is coming to Tuesdays on Seven. https://t.co/PplmsufpxU,2,http://snappytv.com
901745207170834432,2017-08-27 09:56:25,RT @chenwicks77: So many talented kids!! Parents must be proud #LittleBigShotsau,3,http://twitter.com/download/iphone
901744670245392384,2017-08-27 09:54:17,RT @Channel7: COMING UP | You've never seen Princess Diana as intimate as this. Diana: The Secret Tapes @sundaynighton7 #SN7 https://t.co/R‚Ä¶,11,http://twitter.com/download/iphone
901735925805232128,2017-08-27 09:19:32,"RT @D_F_L_F: #LittleBigShotsAU is making my heart sing! What an awesome, happy show ‚ù§Ô∏è",2,http://twitter.com/download/iphone
901735740295360513,2017-08-27 09:18:48,RT @LBSon7: Ready to meet the world‚Äôs most talented kids?! Welcome to #LittleBigShotsAU!! üëèüëèüëè https://t.co/ksTj3iT4zv,1,http://twitter.com/download/iphone
901735664651087872,2017-08-27 09:18:30,"RT @LBSon7: ‚ÄúI don‚Äôt run after buses, trains or girls‚Ä¶ I run after food!‚Äù ‚Äì This kid is talented AND wise!!üôå#LittleBigShotsAU https://t.co/‚Ä¶",4,http://twitter.com/download/iphone
901735614176829440,2017-08-27 09:18:18,"RT @TheEllenShow: Little Big Shots is going Down Under! #Australia, don‚Äôt miss it Sunday night at 7 on 7. #LittleBigShotsAU",267,http://twitter.com/download/iphone
900861762420867073,2017-08-24 23:25:56,RT @MediaweekAUS: .@sevenwestmedia moves Natalie Harvey back to harbour city as new Sydney sales director https://t.co/jQesjiJb1p https://t‚Ä¶,2,http://twitter.com/download/iphone
899872990304780288,2017-08-22 05:56:54,"RT @ChangeTheGame: Total video 7 day audience @homeandaway = 1.339m @HellsKitchenon7 = 1.007m 
#changethegame https://t.co/SVOHMU7E45",1,http://twitter.com/download/iphone
898521744624844800,2017-08-18 12:27:32,RT @ChangeTheGame: .Airtasker becomes a household name with @sevenwestmedia. Read more: https://t.co/SKp5P4Miz8 ‚Ä¶. #changethegame https://t‚Ä¶,1,http://twitter.com/download/iphone
897601372564094976,2017-08-15 23:30:18,Seven West Media FY17 Annual financial results report over 100% growth in O&amp;O Digital Net Revenue to almost $40m https://t.co/fKmMRKLIRI,6,http://twitter.com/download/iphone
897600892295405568,2017-08-15 23:28:23,Seven West Media FY17 Annual financial results report a 45% share of digital advertising revenue from Long Form on‚Ä¶ https://t.co/j2lZiN84v1,1,http://twitter.com/download/iphone
897600569224949760,2017-08-15 23:27:06,Seven West Media FY17 Annual financial results report highest operating margin of any Australian FTA TV business https://t.co/vNJ8VxkHZI,0,http://twitter.com/download/iphone
897600066055266304,2017-08-15 23:25:07,Seven West Media FY17 Annual financial results report 22nd consecutive half of TV ratings and Revenue leadership. https://t.co/FqadymJgeq,0,http://twitter.com/download/iphone
897599232290508801,2017-08-15 23:21:48,Seven West Media release FY17 financial results with underlying net profit after tax (excl significant items) of $166.8m,1,http://twitter.com/download/iphone
896555810955829248,2017-08-13 02:15:37,The OTT Long Form streaming habits of 7m Aussies Grows 25% In Four Months: OzTAM - B&amp;T https://t.co/sfW0f4uBHl,4,http://twitter.com/download/iphone
895872627566297090,2017-08-11 05:00:53,We uncover the chilling diary of the Hoddle Street murderer 30 years on from the massacre. Tune in this Sunday at 7‚Ä¶ https://t.co/VrnhbPoWVF,4,http://twitter.com
895860216071311360,2017-08-11 04:11:34,The explosive tapes that Princess Diana's family tried to keep secret are now exposed...Coming Soon to‚Ä¶ https://t.co/qQzMehZVCK,4,http://twitter.com
889361863057694720,2017-07-24 05:49:26,Mark your calendars...Sunday August 6 promises to be a huge night with @HellsKitchenOn7 and Blue Murder: Killer Cop‚Ä¶ https://t.co/idLhC9UiNW,4,http://twitter.com
889096758684401664,2017-07-23 12:16:00,"RT @screenPLAYau: THAT WAS INTENSE!!!!! BLIZZCON, HERE WE COME!!!!!!!! Well done @BlankOCE. Well done ‚ô•Ô∏è
#OWWC #screenPLAYau https://t.co/w‚Ä¶",48,http://twitter.com/download/iphone
888937115920224257,2017-07-23 01:41:38,TV history with the first ever Free to Air simulcast of eSports on @7mate  and @YahooPLUS7 live @screenPLAYau  https://t.co/qnFeBMxhLO,2,http://twitter.com/download/iphone
888937007010816000,2017-07-23 01:41:12,TV history with the first ever Free to Air simulcast of eSports on @7mate  and @YahooPLUS7 live @screenPLAYau https://t.co/fS2qN2iQdl,0,http://twitter.com/download/iphone
888361857366474752,2017-07-21 11:35:46,#TotalVideo https://t.co/dIPEY3Hc5G,0,http://twitter.com/download/iphone
887908599418077184,2017-07-20 05:34:41,"The Supernerd has been under pressure before...but not like this!
@HellsKitchenOn7, coming soon to @Channel7 https://t.co/LX95x86Jgk",0,http://twitter.com
886126695710736384,2017-07-15 07:34:02,And Live and Free on the @7tennis app https://t.co/qdZtTKYAyl,1,http://twitter.com/download/iphone
885726728487788544,2017-07-14 05:04:42,Get ready to meet some of the most amazing kids in the world! Worldwide phenomenon Little Big Shots is coming soon‚Ä¶ https://t.co/UhRWQYxVRZ,3,http://twitter.com
882527641508524032,2017-07-05 09:12:40,"RT @7tennis: TONIGHT from 8:30PM AEST

It's the Best of the Brits üéæ EXCLUSIVELY LIVE + FREE on the Channels 7 + the 7Tennis App

@JoKonta91‚Ä¶",7,http://twitter.com/download/iphone
880643404413247489,2017-06-30 04:25:23,Don't miss the premiere of @YummyMummiesAU - coming soon on July 9! https://t.co/TeyrKmumat,1,http://twitter.com
880394121097101313,2017-06-29 11:54:50,RT @Mumbrellanews: Media Brand of the Year goes to @Startsatsixty #mumbrellaawards,5,http://twitter.com/download/iphone
879665161128169472,2017-06-27 11:38:12,Thursdays 10pm @7mate @screenPLAYau is coming to @Channel7 https://t.co/D9UaTSxbGC,4,http://twitter.com/download/iphone
879207421582770176,2017-06-26 05:19:18,"The greatest tennis tournament is now here! Watch Wimbledon, Live &amp; Free across the screens of Seven. @Channel7‚Ä¶ https://t.co/DolysOdUNs",2,http://twitter.com
878790705996472320,2017-06-25 01:43:26,"RT @clivedickens: Congrats to all the teams @Channel7 for an outstanding set of TV Ratings victories, this time in Origin 2 Week https://t.‚Ä¶",3,http://twitter.com/download/iphone
877323535940673536,2017-06-21 00:33:25,RT @codelikeagirlau: Valuable tips from @Mandy_Kerr of @sevenwestmedia üíï https://t.co/6eLfp6Fmkt,2,http://twitter.com/download/iphone
877322828718104576,2017-06-21 00:30:36,Congrats @FreeviewAust for another 'consumer first' UI upgrade for Freeview Plus https://t.co/v0QqS0ahlO,1,http://twitter.com/download/iphone
876972651545206784,2017-06-20 01:19:08,'..Engagement and Value from Powerful Storytelling..' #7tennis https://t.co/DSUsRueyXA,0,http://twitter.com/download/iphone
875150951413293056,2017-06-15 00:40:20,Get ready to @screenPLAYau https://t.co/PJwL1ZhxXF,4,http://twitter.com/download/iphone
875088337823977472,2017-06-14 20:31:32,"RT @MediaweekAUS: Changes to @Yahoo7 JV agreement, @sevenwestmedia to launch own catch-up TV service https://t.co/yDeH6dVLFN https://t.co/x‚Ä¶",3,http://twitter.com/download/iphone
874497801337487360,2017-06-13 05:24:57,"The greatest tennis tournament is coming! Watch Wimbledon, Live &amp; Free across the screens of Seven.  @Channel7‚Äã‚Ä¶ https://t.co/ELqKeO9UBU",2,http://twitter.com
873063932595851264,2017-06-09 06:27:16,"Aussie celebrities are going to find out why we do the things we do! Watch out for Behave Yourself, a new comedy co‚Ä¶ https://t.co/ZKoDWm7cWO",0,http://twitter.com
872426260583993345,2017-06-07 12:13:24,"RT @yospacedotcom: Great write up in @TVTechGlobal on our work with @sevenwestmedia to monetise the #AusOpen
https://t.co/kQC6iSOlFf
#IBCSh‚Ä¶",3,http://twitter.com/download/iphone
871521579884134400,2017-06-05 00:18:31,Seven Network Wins Origin 1 week https://t.co/ik9Nh1VYF0,3,http://twitter.com/download/iphone
870821371760173057,2017-06-03 01:56:08,https://t.co/stdUnDTiEH #Plus7,0,http://twitter.com/download/iphone
870600853056479232,2017-06-02 11:19:53,RT @simplaio: Simpla has been named one of the 100 most disruptive global businesses of 2017 by @Disrupt100 üöÄ üéâ https://t.co/jEFACjqe8j #di‚Ä¶,3,http://twitter.com/download/iphone
869866311043526656,2017-05-31 10:41:04,https://t.co/EZufLO1EF0,1,http://twitter.com/download/iphone
869373489752428544,2017-05-30 02:02:46,https://t.co/Bwp3tNtokY,3,http://twitter.com/download/iphone
869340027435614208,2017-05-29 23:49:48,"All new romance, all new awkward! 
New @FirstDatesAU is coming next Tuesday at 8.40 on @Channel7 ! https://t.co/5UoackZG2r",1,http://twitter.com
868762615165599745,2017-05-28 09:35:22,https://t.co/tT1O94iZVU,1,http://twitter.com/download/iphone
866894767782731776,2017-05-23 05:53:13,"Big talent is sometimes smaller than you think! 
Little Big Shots is COMING SOON to @Channel7 https://t.co/FpOAkgF6wD",0,http://twitter.com
865166470082248706,2017-05-18 11:25:35,RT @JoshuaWakely: For those asking where you can get your @Beat_Bugs merchandise...the way is almost over! What was once just ideas will so‚Ä¶,6,http://twitter.com/download/iphone
865133907414405121,2017-05-18 09:16:11,RT @sevenwestmedia: Congrats @Airtasker on reaching 1m members. You join @healthengine in this elite @sevenwestmedia investments club! http‚Ä¶,2,http://twitter.com/download/iphone
865133787113566208,2017-05-18 09:15:42,Congrats @Airtasker on reaching 1m members. You join @healthengine in this elite @sevenwestmedia investments club! https://t.co/YJo0YXtYQF,2,http://twitter.com/download/iphone
864400512753389568,2017-05-16 08:41:56,"RT @acmadotgov: Success for us is ratings &amp; advertising revenue, drives us to commission &amp; make local content #BridgetFair @sevenwestmedia‚Ä¶",4,http://twitter.com/download/iphone
864302180840361985,2017-05-16 02:11:12,"RT @IABAustralia: Thank you to @Nielsen Sports, @9Comms, @sevenwestmedia and @Telstra for speaking at this morning's Sports Seminar #IABDig‚Ä¶",3,http://twitter.com/download/iphone
864014539502702592,2017-05-15 07:08:13,"RT @clivedickens: We have to move conversation to 'Total Video' rather than 'Television' versus 'Digital' #JustSaying, See u tomorrow https‚Ä¶",2,http://twitter.com/download/iphone
863260694606565376,2017-05-13 05:12:42,Is this the last box in Sydney? @mykitchenrules https://t.co/09sk33peIM,0,http://twitter.com/download/iphone
862549723281891328,2017-05-11 06:07:34,RT @GC2018: Flex your fingers! Online ticket requests now open üëá #gc2018 https://t.co/jpVAZbkAZg,73,http://twitter.com/download/iphone
861547990065881088,2017-05-08 11:47:02,Major platform upgrade for Freeview Plus from @FreeviewAust https://t.co/Tsem9cQAB2,1,http://twitter.com/download/iphone
859208127362682880,2017-05-02 00:49:15,The first #HouseRules‚Äã reveal of the season is tonight! https://t.co/gia7r2puhX,0,http://snappytv.com
858607861139521541,2017-04-30 09:04:00,Congrats @JoshuaWakely &amp; 7Productions https://t.co/hne6RFslKc,0,http://twitter.com/download/iphone
857865551359623168,2017-04-28 07:54:20,It's the local derby between Randwick and Eastern Suburbs! Catch all the club rugby action on Saturday live on 7TWO‚Ä¶ https://t.co/tn9reeqFwI,0,http://twitter.com
856826165012512768,2017-04-25 11:04:11,RT @TVWEEKmag: The Logie for Most Outstanding Sports Coverage goes to Channel Seven's Rio 2016 Olympic Games coverage #TVWEEKLogies https:/‚Ä¶,17,http://twitter.com/download/iphone
855283901694005248,2017-04-21 04:55:47,"The club rugby match we've been waiting for. The Grand Final rematch, Sydney Uni v Norths. Live at 3pm this Saturda‚Ä¶ https://t.co/upWzNfAPcr",0,http://twitter.com
853389637703802880,2017-04-15 23:28:39,Thanks everyone who donated a record $14.4m 2017 Good Friday Appeal from @newscorpaus &amp; @SevenNetwork Melb https://t.co/DNgUZ4z0Ld,1,http://twitter.com/download/iphone
853389313119145984,2017-04-15 23:27:22,RT @kochie_online: Victoria... your are amazing. $17.6 million raised in the #goodfridayappeal. What a huge... https://t.co/QM3Ivniqdn http‚Ä¶,8,http://twitter.com/download/iphone
853062648635707392,2017-04-15 01:49:19,Read about our @7tennis 'Live to Vod' Scale &amp; innovation with the partners of @SevenNetwork Brightcove https://t.co/LYlAuwTNiL,3,http://twitter.com/download/iphone
852404572647702528,2017-04-13 06:14:21,"Club rugby action is back this weekend from Manly Oval with the Marlins taking on Southern Districts, LIVE on 7TWO‚Ä¶ https://t.co/VhgDoy3y3A",0,http://twitter.com
851207636800360448,2017-04-09 22:58:09,@PBtheUnbeliever Thanks for letting us know - our geeks are on it!,0,http://twitter.com/download/iphone
849815887632777216,2017-04-06 02:47:51,Our CDO @clivedickens telling the @sevenwestmedia OTT story at #AWSSummit Sydney https://t.co/pfOUCxRomk,2,http://twitter.com/download/iphone
849157076345434113,2017-04-04 07:09:58,#FirstDatesAU is back! Here's a sneak peek... https://t.co/7Y8YKVEtz9,1,http://snappytv.com
849053067257421824,2017-04-04 00:16:40,Just one year to go until the Gold Coast Commonwealth Games! #7CommGames https://t.co/RYjyd4VHzO,1,http://snappytv.com
848983197035581440,2017-04-03 19:39:02,RT @FreeviewAust: 1.2 billion minutes of TV streamed last month - @Channel9 @Channel7 @channelten @ABCTV @SBS üì∫https://t.co/HFOrihkDlU http‚Ä¶,3,http://twitter.com/download/iphone
848983107436859392,2017-04-03 19:38:40,Perth's @healthengine a startup investment of @sevenwestmedia &amp; @Telstra Ventures raises $26.7m from @Sequoia_India https://t.co/whCQ7sqk6l,0,http://twitter.com/download/iphone
848719062024601600,2017-04-03 02:09:27,It's about to get colourful as Laurence Llewelyn-Bowen brings his own flair to @HouseRuleson7 this year! https://t.co/X9MiXWdZxW,1,http://snappytv.com
848683057200496640,2017-04-02 23:46:23,Aussie favourites Jason Day &amp; Adam Scott will set the stage at the Masters. We‚Äôll be covering all the action on 7mate or PLUS7 Live!,0,http://twitter.com
848658782703964160,2017-04-02 22:09:55,"The Content, Product &amp; Technology teams at @westaustralian @perthnow breaking down boundaries https://t.co/LISieQxhB5",0,http://twitter.com/download/iphone
846638839095476224,2017-03-28 08:23:23,Live Streaming Cyclone Debbie coverage 7News Breaking OTT 'pop up' channel via Plus7 app or via‚Ä¶ https://t.co/cm6jK0lx0R,0,http://twitter.com/download/iphone
846465396538429440,2017-03-27 20:54:11,Congrats to the @Beat_Bugs teams for their five Emmy nominations https://t.co/rPPSdWt5wT,0,http://twitter.com/download/iphone
841894558061498374,2017-03-15 06:11:18,@ChiefDisrupter @CDOSummit @CodeClubAus thanks Anne- Marie,0,http://twitter.com/download/iphone
841894462200643584,2017-03-15 06:10:56,@Paula_OConnell @CDOSummit Thanks Paula,0,http://twitter.com/download/iphone
839743265419083777,2017-03-09 07:42:50,Some great questions from our @NewCo Sydney guests today here @SevenNetwork #InnovateDisruptOrDie https://t.co/utS3FklwIt,2,http://twitter.com/download/iphone
835071525136969728,2017-02-24 10:19:01,Take a look at our brand new SWM Product &amp; Technology recruitment blog   https://t.co/fL4letJX1g,2,http://twitter.com/download/iphone
833496262884290560,2017-02-20 01:59:29,RT @clivedickens: Learn how @sevenwestmedia disruption approach lead us to invest in @Airtasker @healthengine @mysocietyone more at https:/‚Ä¶,5,http://twitter.com/download/iphone
832362149225697281,2017-02-16 22:52:55,RT @Channel7: Congratulations @7Sport @7olympics on winning three awards at tonight's #ASCMediaAwards https://t.co/VmoQf91Ef5,14,http://twitter.com/download/iphone
832163576747945984,2017-02-16 09:43:52,RT @bridgettilley: #chuffed #ASCMediaAwards https://t.co/s0X4HQIrgJ,2,http://twitter.com/download/iphone
831636274997891073,2017-02-14 22:48:33,Seven delivers market leading advertising rev. share of 40.8% in television across first half &amp; 3rd highest Olympic Games rev. share ever,1,http://twitter.com/download/iphone
831635773552078848,2017-02-14 22:46:34,"Seven West Media maintains disciplined cost management, underlying total costs down 3.8% in period (exc. Olympics &amp; 3rd party commissions)",1,http://twitter.com/download/iphone
831635314988838912,2017-02-14 22:44:44,"Seven West Media, including Yahoo7, is the #1 Australian digital content publisher by unique audience. (Source Nielsen DRM)",3,http://twitter.com/download/iphone
831635090195177474,2017-02-14 22:43:51,"Seven Network delivers 21st consecutive half of market leadership in television: in audience delivery, advertising revenue &amp; profitability.",2,http://twitter.com/download/iphone
829493596936024064,2017-02-09 00:54:19,It's coming! #1yeartogo #Pyeongchang2018 #7Olympics https://t.co/qyASKFaAcU,0,http://twitter.com
829115538664087552,2017-02-07 23:52:03,New @OzTam weekly report tracks top live-streamed programs. TV is now Total Video &amp; Ratings are 'Total Audience' https://t.co/sZT0I8UvVQ,1,http://twitter.com/download/iphone
828844249554620417,2017-02-07 05:54:02,TV Ratings: @mykitchenrules sees biggest audience this season - @MediaweekAUS - Number One once again https://t.co/CQhoox17Hs,1,http://twitter.com/download/iphone
828833625009385472,2017-02-07 05:11:49,Historic Super Bowl a win for ESPN and Seven West Media | https://t.co/RjlSXJasNy https://t.co/Tzb9Z2njIB,1,http://twitter.com/download/iphone
826234125564596225,2017-01-31 01:02:20,RT @MediaweekAUS: .@Channel7's #MKR victorious in 7.30pm reality TV shootout + @Channel9's new-look @MarriedAU launches in third place http‚Ä¶,5,http://twitter.com/download/iphone
825842377113743361,2017-01-29 23:05:40,RT @clivedickens: Highest TV Broadcast Audience for Men's Final in over 10years plus +180% increase in YoY @7tennis live streaming yesterda‚Ä¶,6,http://twitter.com/download/iphone
823847052262027264,2017-01-24 10:56:58,Seven West Media (Inc @Yahoo7) holds Number One Media Company Online position - Unique Monthly Audience in December‚Ä¶ https://t.co/1ATB9axoR8,0,http://twitter.com/download/iphone
821703368460537856,2017-01-18 12:58:44,RT @aapmedianet: .@sevenwestmedia has announced the appointment of Andy Kay as general manager of Seven Adelaide. #MediaMovements,1,http://twitter.com/download/iphone
820764027429105664,2017-01-15 22:46:07,Good Luck @7Sport team at the Summer of @7tennis Control Centre 2017 @AustralianOpen in Melbourne Park https://t.co/vnmBcY6kFQ,3,http://twitter.com/download/iphone
819329690091429888,2017-01-11 23:46:35,Made by 7beyond &amp; 7productions for @FOXTV US https://t.co/BV1IeWfljU,1,http://twitter.com/download/iphone
817156288450678784,2017-01-05 23:50:15,"5.2m Australians and 332,000 online streams for Summer of @7tennis during first five days, over +45% increase YoY https://t.co/rqdprlLW0c",1,http://twitter.com/download/iphone
814245697155276804,2016-12-28 23:04:36,@RyanEckford this should do it https://t.co/oyXMlkK6eX,0,http://twitter.com/download/iphone
814243878916083712,2016-12-28 22:57:23,RT @clivedickens: Thanks @Apple @AppStore #7Tennis https://t.co/3Yu7EJ15SA,1,http://twitter.com/download/iphone
812208279552000000,2016-12-23 08:08:38,Brand new Freemium Sports OTT product from @Channel7 &amp; @7Sport https://t.co/FLBEwPbXtr,0,http://twitter.com/download/iphone
808973596076871680,2016-12-14 09:55:09,Congrats @FreeviewAust https://t.co/9ApPpEhK1Q,1,http://twitter.com/download/iphone
808442637560659970,2016-12-12 22:45:19,Thanks for making @Channel7 the Number 1 network for 10 years in a row! And it's only going to get better in 2017... https://t.co/iEuklU8GOg,1,http://snappytv.com
803022210839347200,2016-11-27 23:46:29,RT @clivedickens: Oct @Nielsen Ratings confirming @sevenwestmedia (inc. @Yahoo7) once again No. 1 media company with Unique Monthly Online‚Ä¶,1,http://twitter.com/download/iphone
796144312090173441,2016-11-09 00:16:10,Congrats @LizRoss4 &amp; @FreeviewAust team on reaching Number 1 in @Apple App Store with new 'Freeview FV' mobile app https://t.co/f9i8cpKc3o,0,http://twitter.com/download/iphone
795566746220437505,2016-11-07 10:01:07,Looking good - Top three behind Netflix and Pineapple Pen! https://t.co/woWgli7vz9,1,http://twitter.com/download/iphone
795423353834045440,2016-11-07 00:31:20,"RT @MediaweekAUS: .@sevenwestmedia signs contract to acquire The Sunday Times &amp; @perthnow. First issue of paper under SWM out 20 Nov
https:‚Ä¶",1,http://twitter.com/download/iphone
795391255375028224,2016-11-06 22:23:47,RT @clivedickens: Congrats @FreeviewAust team for launch Freeview FV Mobile App - Download iOS here https://t.co/mSxde2r3Cu &amp; Android https‚Ä¶,3,http://twitter.com/download/iphone
793622985982697472,2016-11-02 01:17:19,"RT @clivedickens: 2.95m TV peak + 574,000 Live Streams on @channel7 network across Melbourne Cup Race Day - Great Result https://t.co/dvGuL‚Ä¶",4,http://twitter.com/download/iphone
793363932316446721,2016-11-01 08:07:56,Looking forward to @murudau SYD4 pitch night at The SWOMP https://t.co/A9MSyqBzEy,2,http://twitter.com/download/iphone
792602039670808576,2016-10-30 05:40:26,RT @clivedickens: Another incredible month @sevenwestmedia &amp; @yahoo7 Retaining Number 1 Digital Media Publisher https://t.co/l86IJH6UzN  #N‚Ä¶,3,http://twitter.com/download/iphone
792595948316692480,2016-10-30 05:16:14,"RT @PhoebeWearne: Congrats to @andrewprobyn, @crankynick &amp; @JessicaPage7 on their #wamediaawards gongs. Proud to call all three colleagues‚Ä¶",3,http://twitter.com/download/iphone
792221185266159616,2016-10-29 04:27:03,Great to see the @7tennis app from @sevenwestmedia featured at this weeks @Apple keynote. https://t.co/mu7Y8eTzao,0,http://twitter.com/download/iphone
791253031853494272,2016-10-26 12:19:58,RT @Channel7: Here are some highlights from @sevenwestmedia's #Newfronts17 event tonight... https://t.co/gvjPHRBab4,2,http://twitter.com/download/iphone
791008978561929217,2016-10-25 20:10:11,Learn how we at Seven West Media used the advanced data capabilities of Terradata from AWS to deliver audience enga‚Ä¶ https://t.co/lwtJGtzd4n,1,http://twitter.com/download/iphone
789066362794618880,2016-10-20 11:30:55,RT @clivedickens: Congrats to all @sevenwestmedia &amp; @yahoo7 teams for becoming Number 1 AU Media Company online https://t.co/1ZBaNY5Wou #Ri‚Ä¶,4,http://twitter.com/download/iphone
787103493400125440,2016-10-15 01:31:11,RT @clivedickens: Congrats to @Airtasker team on reaching Top Ten in Lifestyle App Store #likeaboss https://t.co/WicheAoZ0F,2,http://twitter.com/download/iphone
785428082827984896,2016-10-10 10:33:42,"RT @FreeviewAust: Our world-first mobile app, delivering free-to-air TV  with just one click, will launch in November.https://t.co/AZmtELmo‚Ä¶",13,http://twitter.com/download/iphone
781927531473735680,2016-09-30 18:43:45,RT @MediaweekAUS: Seven to produce a NZ version of @mykitchenrules for TVNZ. Pete Evans and @manufeildel to host local version. https://t.c‚Ä¶,3,http://twitter.com/download/iphone
776603563489239040,2016-09-16 02:08:12,RT @clivedickens: '7Olympics AU vs USA basketball match accounted for 25% of @telstra mobile traffic' https://t.co/g27wq8pitG,2,http://twitter.com/download/iphone
775508660583862272,2016-09-13 01:37:27,RT @AdNews: . @sevenwestmedia invests in Fox's fantasy sports startup @DraftstarsAU https://t.co/p8VXTjthwq https://t.co/6VtsGcvGsS,2,http://twitter.com/download/iphone
772652996412911617,2016-09-05 04:30:04,"Could Natalie be the next Australian superstar? Find out on @thexfactorau, soon on 7! https://t.co/FWIDJkv9H4",1,http://twitter.com
770805950525480960,2016-08-31 02:10:34,"Watch a sneak peak of @jessicamauboy &amp; Bonnie Sveen in the spectacular new Australian drama, The Secret Daughter! https://t.co/pydQzEwtuF",18,http://twitter.com
770792766968176640,2016-08-31 01:18:10,.@Channel7 is proud to be home to all these upcoming major sport events! https://t.co/v62eWy9XKM,3,http://twitter.com
767190218709479424,2016-08-21 02:42:56,Ten Years Australian Number One TV Network - Congrats @Channel7 Team https://t.co/iknfwgvYLu,13,http://twitter.com/download/iphone
767151249011580928,2016-08-21 00:08:05,https://t.co/1PkRwd8cqr,1,http://twitter.com/download/iphone
766475340944252929,2016-08-19 03:22:16,RT @MediaweekAUS: Brad Lyons from @Channel7 launches Zumbo's Just Desserts at @adrianozumbo1's cafe in Melbourne. https://t.co/d32Ppc49jT,2,http://twitter.com/download/iphone
766056935338618880,2016-08-17 23:39:40,Our latest production company investment : Slim film+television | Film and TV Production  https://t.co/UMuIFvwBeS,1,http://twitter.com/download/iphone
766051860251676672,2016-08-17 23:19:30,RT @aus_media: Kerry Stokes‚Äôs Seven has bought a major shareholding in a British production business https://t.co/H5SxpqNQfq https://t.co/V‚Ä¶,4,http://twitter.com/download/iphone
766031733456273408,2016-08-17 21:59:32,"RT @clivedickens: 1.5m installs of @7olympics app in first 11days + 2m web users &amp; 500,000 @YahooPLUS7 active users - so far....",10,http://twitter.com/download/iphone
765697818258313216,2016-08-16 23:52:40,RT @westaustralian: Man charged for parking in front of a #Perth speed camera: https://t.co/SQb0nvsKvb #perthnews,5,http://twitter.com/download/iphone
765694789689810944,2016-08-16 23:40:38,RT @MediaweekAUS: Seven launch new travel website 7Travel https://t.co/tq3ykquybV https://t.co/TP5eNf25ig,2,http://twitter.com/download/iphone
765676243115094016,2016-08-16 22:26:56,One on one with Seven's Tim Worner - Mediaweek #7Olympics  https://t.co/kvAxj8RORx,1,http://twitter.com/download/iphone
765556848782999552,2016-08-16 14:32:30,"Olympics audience, advertising strategy is all about video #7Olympics  https://t.co/GcWNaixyeS",0,http://twitter.com/download/iphone
764188602834100224,2016-08-12 19:55:35,RT @Channel7: Don't miss the swimming finals from 11am AEST on 7.... https://t.co/fKDyYHNZEu,3,http://twitter.com/download/iphone
763880029679779840,2016-08-11 23:29:25,"Australian Boomers vs USA Dream Team set a new Live Sports Streaming record with 739,000 streams #7Olympics https://t.co/Ay6zvY1pOs",1,http://twitter.com/download/iphone
763571422765522944,2016-08-11 03:03:08,RT @7olympics: When your son wins #Gold at #Rio2016 https://t.co/zBxoZfAKiN,157,http://twitter.com/download/iphone
762428598519083009,2016-08-07 23:21:57,RT @clivedickens: Another 7Live Rio Streaming record with 2.8m streams served yesterday for #7Olympics  - Apologies for outage during the S‚Ä¶,4,http://twitter.com/download/iphone
761042074648981504,2016-08-04 03:32:24,The @SevenNetwork announces VR/360 @samsung partnership for @7olympics content https://t.co/XEELjL9y2e,1,http://twitter.com/download/iphone
760360926893572096,2016-08-02 06:25:46,Landmark partnership with @google to optimise search for 18m Australians around #7olympics Rio Content  https://t.co/zFa6wLD28j,2,http://twitter.com/download/iphone
760196820345561088,2016-08-01 19:33:40,RT @7olympics: Take the action with you! Watch Seven‚Äôs coverage of Rio 2016 live and on the go with Olympics on 7.  https://t.co/nb6ntBsLf8,42,http://twitter.com/download/iphone
759952069797093376,2016-08-01 03:21:07,"RT @MediaweekAUS: .@sevenwestmedia has launched Olympics on 7 app ahead of @Rio2016, which starts on 5 Aug https://t.co/5pR043LtUJ https://‚Ä¶",2,http://twitter.com/download/iphone
758838489039278081,2016-07-29 01:36:08,"RT @bandt: .@sevenwestmedia launches new foodie destination, Foodiful https://t.co/M43Dvc8mDX",1,http://twitter.com/download/iphone
758474788146864130,2016-07-28 01:30:55,RT @sevenwestmedia: We @sevenwestmedia are pleased to add @Snapchat as a partner for Rio 2016 Olympics coverage #7Olympics coverage  https:‚Ä¶,2,http://twitter.com/download/iphone
758474737949433856,2016-07-28 01:30:43,We @sevenwestmedia are pleased to add @Snapchat as a partner for Rio 2016 Olympics coverage #7Olympics coverage  https://t.co/S5WrtFGbO3,2,http://twitter.com/download/iphone
758273005432639488,2016-07-27 12:09:07,RT @SidneyMinassian: Impressive seeing the number of @murudau companies supported by @sevenwestmedia &amp; @clivedickens #innovation #startup #‚Ä¶,1,http://twitter.com/download/iphone
758243022962253824,2016-07-27 10:09:58,RT @kochie_online: Inspired. Energised. Great presentations from the 9 startups finishing their @murudau accelerator. #syd3demo https://t.c‚Ä¶,15,http://twitter.com/download/iphone
758218490658553856,2016-07-27 08:32:29,Just added the Olympics on 7 Reminders to my calendar - check it out ! https://t.co/hkGfgLChf9,0,http://twitter.com/download/iphone
758215804643008512,2016-07-27 08:21:49,Good Luck to @simplaio part of @murudau SYD3 pitch night at @Telstra https://t.co/S2XrHQXDYg,2,http://twitter.com/download/iphone
757735074569658368,2016-07-26 00:31:34,Statement from @sevenwestmedia on Yahoo Inc about @Yahoo7 https://t.co/gy8eAa55CJ,0,http://twitter.com/download/iphone
756203340149555200,2016-07-21 19:05:00,"RT @MediaweekAUS: Beat Bugs: How a young Aussie writer landed rights to 300+ @thebeatles songs
https://t.co/qN5nxrMGKN https://t.co/HOnbuWB‚Ä¶",3,http://twitter.com/download/iphone
755525799613046785,2016-07-19 22:12:42,@OzTAM strengthening the already world leading Australian Meter Panel size &amp; Video Player Measurement (VPM) https://t.co/cCYfdAY81r,0,http://twitter.com/download/iphone
754099086525988866,2016-07-15 23:43:27,"RT @MediaweekAUS: .@NewsLifeMedia's @PrueCox joins Pacific Magazines as commercial director
https://t.co/Dvt4c00q52 https://t.co/EmfQ1p2L7o",1,http://twitter.com/download/iphone
750935748853919744,2016-07-07 06:13:28,Its finals weekend - download @7tennis App - Live and Free https://t.co/x89ahSWDP5,0,http://twitter.com/download/iphone
747954419963035648,2016-06-29 00:46:44,Coming Soon: The new season of 800 Words is living the good life on @Channel7. https://t.co/x1hT29KeJf,2,http://snappytv.com
747307357735026693,2016-06-27 05:55:33,RT @SevenPerth: Jason Dundas is the new host of @thexfactor_au! #xfactorau https://t.co/HgQpsP0tvj,2,http://twitter.com/download/iphone
747228378193756160,2016-06-27 00:41:42,"RT @7tennis: It all starts tonight download #7Tennis app iOS: https://t.co/uUCo4V0lex Android: https://t.co/b4m6sjFJ5L #Wimbledon
https://t‚Ä¶",2,http://twitter.com/download/iphone
745850001595707392,2016-06-23 05:24:32,"RT @MediaweekAUS: What to expect from @Channel7's coverage of @Wimbledon starting this Monday.
https://t.co/it3B1MLn6l https://t.co/wkST2aH‚Ä¶",1,http://twitter.com/download/iphone
745537070093918208,2016-06-22 08:41:03,7Tennis is back for Wimbledon from Monday - Live &amp; Free from 22:00 on Seven https://t.co/wN8cqGwIRF,1,http://twitter.com/download/iphone
745490394532569089,2016-06-22 05:35:35,"RT @MediaweekAUS: After @IGGYAZALEA &amp; @GuySebastian, Seven has roped in @adamlambert as a judge on #XFactorAU
https://t.co/j574z7OE5P https‚Ä¶",59,http://twitter.com/download/iphone
743569773338845184,2016-06-16 22:23:43,RT @MediaweekAUS: 12 websites relaunched in 6 weeks: How Pac Mags is becoming a multiplatform business https://t.co/elxudX0Lc4 https://t.co‚Ä¶,2,http://twitter.com/download/iphone
742240855650504705,2016-06-13 06:23:04,Congrats to @sevenwestmedia WA CEO Chris Wharton  https://t.co/5aX18nlr61,0,http://twitter.com/download/iphone
742230421543354368,2016-06-13 05:41:37,RT @mm_newscorpaus: Congrats also to my colleague Chris Wharton CEO @sevenwestmedia for his AM for outstanding contribution to media and hi‚Ä¶,2,http://twitter.com/download/iphone
741854811688079360,2016-06-12 04:49:04,"RT @Channel7: Australia, meet your new #xfactorau judge for 2016, @IGGYAZALEA. https://t.co/F1CucQwI4z",72,http://twitter.com/download/iphone
741161685814239232,2016-06-10 06:54:50,RT @artesianvc: @sevenwestmedia #startup strategy for long-term growth https://t.co/sFFHAl7HFw,2,http://twitter.com/download/iphone
740711760823341057,2016-06-09 01:07:00,What makes Wimbledon so special? See for yourself live and free from June 27 on Seven and the @7Tennis app. https://t.co/rj10iVrYWe,2,http://snappytv.com
738220030723129344,2016-06-02 04:05:45,The countdown is on and every second counts! #Rio2016 only on @7Olympics. https://t.co/5AWSgNq0G1,1,http://snappytv.com
738198945931759616,2016-06-02 02:41:58,Get ready to scream Cannonball! Launching soon on Seven. https://t.co/HOZTER99Yd,0,http://snappytv.com
737249653209497601,2016-05-30 11:49:49,RT @pickers7: #copacabanabeach #sunrise last morning in #rio everything is looking great for #rio2016 #roadtorio #7olympics https://t.co/va‚Ä¶,1,http://twitter.com/download/iphone
736827368724013057,2016-05-29 07:51:48,Strong digital month @Nielsen DRM @sevenwestmedia (INC. @Yahoo7 ) once again ahead of @FairfaxMedia &amp; @newscorpaus https://t.co/tL3z2FJyq9,1,http://twitter.com/download/iphone
734633371628929028,2016-05-23 06:33:39,"RT @Channel7: Ready for some #Fun? Love your #Music? The #BigMusicQuiz is coming to 7 #PlayAlongAtHome @darrenmcmullen
https://t.co/1uaOiYF‚Ä¶",9,http://twitter.com
731391331277234177,2016-05-14 07:50:56,RT @CurtisStone: SO thrilled to announce my new show with @FOXTV @KitchenRulesFOX USA! I'll be co-judging w my good friend @catcora https:/‚Ä¶,27,http://twitter.com/download/iphone
731391099210629120,2016-05-14 07:50:01,@mykitchenrules coming to @FOXTV in the U.S https://t.co/sgnpMqab47,0,http://twitter.com/download/iphone
728208099677364225,2016-05-05 13:01:55,"RT @MediaweekAUS: Seven reveals first look for dating show Kiss Bang Love, which will premiere before #Rio2016
https://t.co/hqwa9rbNBE http‚Ä¶",1,http://twitter.com/download/iphone
726314789824159744,2016-04-30 07:38:34,Congrats @NewIdeamagazine https://t.co/e8H2vSuUZI,2,http://twitter.com/download/iphone
726161432543285248,2016-04-29 21:29:11,RT @7olympics: Bruce McAvaney goes #offtherecord with Australian Olympian Susie O'Neill ahead of Rio 2016. #7Olympics @Channel7 https://t.c‚Ä¶,6,http://twitter.com/download/iphone
725277423881719808,2016-04-27 10:56:27,Have you got what it takes to be an Olympian? #HowToBeAnOlympian @7Olympics https://t.co/4UigRBv66P,2,http://snappytv.com
725241157089775616,2016-04-27 08:32:20,Looking forward to sharing some ideas and learnings at @TwitterTVAU #HelloWorld 2016 event https://t.co/bpBOATD8fD,0,http://twitter.com/download/iphone
725115131856752640,2016-04-27 00:11:34,RT @clivedickens: Congrats @sevenwestmedia &amp; @Yahoo7 highest ever Unique 'Parent' Digital Audience. Ahead of @newscorpaus &amp; @FairfaxMedia w‚Ä¶,1,http://twitter.com/download/iphone
719950685580582912,2016-04-12 18:09:54,RT @INMAorg: 3 recent examples of how simplicity propelled creativity in the #newsroom https://t.co/wd563IDbIy @sevenwestmedia https://t.co‚Ä¶,2,http://twitter.com/download/iphone
719904254924693504,2016-04-12 15:05:24,RT @7NewsQueensland: .@sevenwestmedia announces @BenRobertsSmith as the new General Manager of @Channel7 Brisbane #7News https://t.co/pEU8u‚Ä¶,2,http://twitter.com/download/iphone
719681508789760000,2016-04-12 00:20:17,Congrats to Pacific Team for securing exclusive partnership with the Worlds largest Digital Food Brand @allrecipes https://t.co/iyoNIv1iWJ,0,http://twitter.com/download/iphone
718550916933115904,2016-04-08 21:27:43,Coming soon https://t.co/IzMTjk9bpI,0,http://twitter.com/download/iphone
718274491617538048,2016-04-08 03:09:18,RT @MediaweekAUS: Seven gears up for #Rio2016 by revealing the hosts and commentary team for its broadcast https://t.co/m6CwcNoFsn https://‚Ä¶,3,http://twitter.com/download/iphone
717498708049330177,2016-04-05 23:46:37,RT @clivedickens: Great result @Yahoo7 &amp; @SevenWestMedia 10.4m Unique Audience. Ahead of @Newscorp &amp; @FairfaxMedia for first time! https://‚Ä¶,2,http://twitter.com/download/iphone
717498681956503552,2016-04-05 23:46:30,"RT @MediaweekAUS: #MKR proves to be the perfect recipe for audiences, dominating the top 3 spots on OzTAM 100
https://t.co/osb5VYxthk https‚Ä¶",1,http://twitter.com/download/iphone
716752389508698114,2016-04-03 22:21:00,Seven Network Appoints Ai-Media for Captioning Services https://t.co/gXoURY04tE,0,http://twitter.com/download/iphone
715857941593763841,2016-04-01 11:06:47,Great work from @Yahoo7 and @Channel7 teams https://t.co/eS1jQDHsYd,5,http://twitter.com/download/iphone
714231270079725568,2016-03-27 23:22:59,"RT @clivedickens: Pacific Magazines &amp; @Yahoo7 showcase New Digital Partnership 
https://t.co/5hfINNaFuh https://t.co/Sg7MI85EKI",2,http://twitter.com/#!/download/ipad
712945245260881920,2016-03-24 10:12:47,RT @Channel7: We're proud to announce the #7Stars Studio has won Silver in the Commercial Exhibitor Awards at Sydney's @EasterShow https://‚Ä¶,2,http://twitter.com/download/iphone
712596997681889281,2016-03-23 11:08:58,Congrats @danstinton @joehardly &amp; the WAN Digital for reaching Top 5 free sports App Store https://t.co/QCucdFA2pa https://t.co/ponQw1O8jq,3,http://twitter.com/download/iphone
711339528745721856,2016-03-19 23:52:14,RT @cdickens: AU TV industry recorded highest ever week on record for AVOD audiences with 151.1m catch-up TV streamed https://t.co/09nqLss3‚Ä¶,3,http://twitter.com/download/iphone
711071504264335364,2016-03-19 06:07:12,"Download Australia's Number One Catch-Up TV and Live Streaming App @YahooPLUS7 this weekend from @Channel7 
https://t.co/ZZAjO4wRvE",0,http://twitter.com/download/iphone
710998284597264384,2016-03-19 01:16:15,Congrats @7WonderUK for another @BBC commission https://t.co/bpnBWXIZxc,0,http://twitter.com/download/iphone
710075315675140096,2016-03-16 12:08:42,"RT @Maxepmason: TV and film tax benefit gap 'ridiculous' 
https://t.co/nmlH69M44J #ausbiz #media #auspol",3,http://twitter.com/download/iphone
710037047784812544,2016-03-16 09:36:38,"RT @Channel7: Come with us Australia. The road to Rio #7Olympics
https://t.co/RK3Jy0aajC",131,http://twitter.com
709966447607468032,2016-03-16 04:56:06,RT @MediaweekAUS: Seven takes top 5 spots on the OzTAM top 100 chart in week 11 with #MKR and @sundaynighton7 https://t.co/s8zHn1DgO4 https‚Ä¶,3,http://twitter.com/download/iphone
708898213713940484,2016-03-13 06:11:19,"RT @Channel7: The Big Music Quiz is the ultimate, anyone can play, music quiz show and it's coming soon to 7! @darrenmcmullen @EndemolShine‚Ä¶",8,http://twitter.com/download/iphone
708897599999180800,2016-03-13 06:08:53,Not looking forward to going back to work tomorrow? Change your career https://t.co/s4QEqLAJsB‚Ä¶,0,http://twitter.com/download/iphone
706796382611333120,2016-03-07 10:59:23,"Go Matildas - Live, exclusive and free on Channel 7 and PLUS7 right now https://t.co/qA2Ys6WGbu",0,http://twitter.com/download/iphone
705462695227559936,2016-03-03 18:39:48,"RT @7tennis: Looking forward to @lleytonhewitt's return? Watch #DavisCup on Channel 7, https://t.co/puZCLfc4Qy and #7Tennis app! https://t.‚Ä¶",4,http://twitter.com/download/iphone
704975017730179072,2016-03-02 10:21:56,"RT @Channel7: Join us this Saturday and dig deep to help our Paralympians realise their dreams in Rio #7Parathon @sunriseon7
https://t.co/0‚Ä¶",29,http://twitter.com/download/iphone
704638247561879552,2016-03-01 12:03:44,RT @BBCFOUR: Send your musical memories to @bbcmusic for our People's History Of Pop #PHOP https://t.co/n7JOwQq0Ha https://t.co/hFsxc6XvWC,6,http://twitter.com/download/iphone
704535260751491072,2016-03-01 05:14:30,Seven to appoint Warwick Lynch as CFO | The Australian BusinessNow https://t.co/9PxlHqeFdv,0,http://twitter.com/download/iphone
704523179255926784,2016-03-01 04:26:29,RT @AdNews: Baby boomers - an untapped advertising opportunity until now https://t.co/ahiy7LZV3Q #startsat60 @sevenwestmedia https://t.co/e‚Ä¶,3,http://twitter.com/download/iphone
704272478235832321,2016-02-29 11:50:18,RT @TheMatildas: 51' | Logarzo tracks back brilliantly to thwart a dangerous attack from Japan. 2-1 #AUSvJPN #GoMatildas #RoadToRio,2,http://twitter.com/download/iphone
703835241505394688,2016-02-28 06:52:52,Congrats to @Channel7 for today's launch of 7flix New Linear Broadcast channel and live stream on @YahooPLUS7 https://t.co/EigEgWxGnE,1,http://twitter.com/download/iphone
703188730589229056,2016-02-26 12:03:52,RT @7WonderUK: Fancy testing your cooking skills? ¬£10k prize for new C4 cooking show @MKR_UK! Apply now https://t.co/WZsDavcm2N ¬†https://t.‚Ä¶,4,http://twitter.com/download/iphone
701987520532213760,2016-02-23 04:30:41,"RT @Mumbrellanews: .@sevenwestmedia's @DowntonAbbey audience continues to lift, as Nine‚Äôs AGT viewership slides https://t.co/6ZEpCIscJW via‚Ä¶",1,http://twitter.com/download/iphone
700974616232103936,2016-02-20 09:25:46,"RT @Channel7: Adriano Zumbo @zumbopatisserie 
will go in search of Australia's sweetest home cooks on Seven's  new Just Desserts. https://t‚Ä¶",7,http://twitter.com/download/iphone
700825716221325312,2016-02-19 23:34:06,Captivating the nation @mykitchenrules on @Channel7 https://t.co/LvCeGpzgQL,0,http://twitter.com/download/iphone
700133141982216192,2016-02-18 01:42:03,The ratings year has started with a bang! congrats @Channel7 team https://t.co/j9LwzjjwOy,0,http://twitter.com/download/iphone
700117155333844992,2016-02-18 00:38:32,RT @StartupDailyANZ: .@sevenwestmedia acquires 33% stake in @Startsatsixty: https://t.co/lVpFsxe54X #startupaus https://t.co/Xsl5QfiPUy,1,http://twitter.com/download/iphone
699819491232976896,2016-02-17 04:55:43,"RT @MediaweekAUS: Seven West Media invests in baby boomer brand Starts At 60
https://t.co/lUrX0aIJDt https://t.co/qOce6BObVl",3,http://twitter.com/download/iphone
699819055889412096,2016-02-17 04:53:59,Great work from the @pacificmagazines team on their new corporate product and the results of the entire company  https://t.co/oQdsPo19xJ,1,http://twitter.com/download/iphone
699733426983677952,2016-02-16 23:13:44,Seven West Media posts $135m profit in flat TV advertising market | https://t.co/lQeQ2wEzSx https://t.co/6prccg8LWK,3,http://twitter.com/download/iphone
699006829112590337,2016-02-14 23:06:29,"RT @Channel7: Get your #movie fix on #7flix! Every night at 8.30pm from Sunday, February 28 on Channel 76
https://t.co/sazYos0EIO",7,http://twitter.com/download/iphone
698833847178276864,2016-02-14 11:39:07,RT @greysfan: üëèüëèüëè @Channel7 and everyone involved in the creation of @MollyTV! Incredible piece of Australian drama. Thankyou üôè #Molly #Mol‚Ä¶,1,http://twitter.com/download/iphone
698833691624091648,2016-02-14 11:38:30,RT @worldofmusicfm: The best TV I've seen in a long time #Molly on #Network7 #Australia #mollymeldrum #TV #music #channel7,2,http://twitter.com/download/iphone
698823156815933440,2016-02-14 10:56:38,If you live in the Manly area of Sydney and experiencing a power cut remember you can stream @MollyTV on @YahooPLUS7 https://t.co/ZZAjO4wRvE,4,http://twitter.com/download/iphone
698714938169126912,2016-02-14 03:46:37,Congrats @Channel7 for starting 2016 in the most dominant position since OzTAM ratings began in 2001 https://t.co/enKXovmGv1,2,http://twitter.com/download/iphone
698447226205446144,2016-02-13 10:02:49,RT @redliveau: Incredible finale at Edinburgh Military Tattoo in Melbourne - Congrats to cast and the production team #TattooTour https://t‚Ä¶,2,http://twitter.com/download/iphone
697176284040855552,2016-02-09 21:52:33,RT @Frank_Meunier: Bravo! | #WaterPolo by the Sea signs broadcast rights deal with Seven Network Australia | https://t.co/7BKxF3lpyo,1,http://twitter.com/download/iphone
697175038764519424,2016-02-09 21:47:36,RT @mm_newscorpaus: Inspiring use of VR by @sevenwestmedia @CaratAUNZ and Rare. Won a new client and brought new tech to community https://‚Ä¶,4,http://twitter.com/download/iphone
696823757302661120,2016-02-08 22:31:44,RT @INMAorg: #Virtualreality enters the #digital #advertising space ‚Äî¬†and wins! https://t.co/mcE0QDiLkL @oculus @sevenwestmedia https://t.c‚Ä¶,1,http://twitter.com/download/iphone
696341121568342016,2016-02-07 14:33:55,Congrats team behind Molly tonight - Great to see the Album from show Number 1 on iTunes @Channel7 @MichaelGudinski https://t.co/eyZKG4BZbN,1,http://twitter.com/download/iphone
696321561997897733,2016-02-07 13:16:12,"RT @Channel7: Get excited! 7flix launches Sunday, Feb 28 - a new channel with the perfect mix #7flix #channel76
https://t.co/XM03GdxMy2",51,http://twitter.com/download/iphone
696321149513273344,2016-02-07 13:14:33,RT @wendy_harmer: OMG #molly this first ep is SO my era if they panned left I'd be standing there ... You too? Love it!,21,http://twitter.com/download/iphone
695467635895463936,2016-02-05 04:43:00,Don't miss SuperBowl50 'Live &amp; Free' online for the first ever time in Australia on the @plus7 app - Download now https://t.co/4BSuOzgbwl,1,http://twitter.com/download/iphone
694132488252207104,2016-02-01 12:17:36,RT @7WonderUK: Missed What to Buy &amp; Why on Friday? You've been missing out! Catch up here: https://t.co/k9y2AiPi9A https://t.co/R0mlUDqc4c,1,http://twitter.com/download/iphone
694132314347954176,2016-02-01 12:16:54,RT @cdickens: Great to see @simplaio getting a mention in @smh https://t.co/KaYJIuFpBd,1,http://twitter.com/download/iphone
694100010061815808,2016-02-01 10:08:32,"RT @MediaweekAUS: Pacific Magazines launch New Idea TV supplement TV Extra and announce #MKR deal
https://t.co/qxlVZShO53 https://t.co/046U‚Ä¶",2,http://twitter.com/download/iphone
694011205925494788,2016-02-01 04:15:40,"RT @cdickens: Whilst the amount of minutes Australians spend watching FTA content, daily continues to grow https://t.co/09nqLss3jD https://‚Ä¶",2,http://twitter.com/download/iphone
693903545267912704,2016-01-31 21:07:51,"RT @7tennis: Summer of @7tennis 3 Jan-31 Jan
7.4 million streams (+77% STLY)
46.4 million online minutes (+125% STLY) Thanks all https://t.‚Ä¶",20,http://twitter.com/download/iphone
693765495569252352,2016-01-31 11:59:18,"Australian Tennis record with live 'in the moment' concurrent online audience over 86,000 - Total streams tomorrow https://t.co/jeSLGEKfKe",2,http://twitter.com/download/iphone
693745009388990464,2016-01-31 10:37:54,"RT @7tennis: Congrats @AustralianOpen on a record attendance of 720,363 people in 2016! (Up from 703,899 in 2015) #AusOpen https://t.co/ffs‚Ä¶",37,http://twitter.com/download/iphone
693390410375270401,2016-01-30 11:08:51,"Tonight @Channel7 @AngeliqueKerber @AustralianOpen win set a new live streaming 'concurrent' record audience 60,800 https://t.co/0k4P36yqQ0",3,http://twitter.com/download/iphone
693366594920054784,2016-01-30 09:34:13,RT @Channel7: We loved having you Dasha! Thanks for lighting up the room. https://t.co/E6SEMsNkFP,3,http://twitter.com/download/iphone
693352688575074304,2016-01-30 08:38:57,RT @7tennis: Which is better @7tennis or Live? https://t.co/Kgy3TT4har,3,http://twitter.com/download/iphone
692855425553674240,2016-01-28 23:43:00,"RT @AdNews: Seven's @cdickens wants @YouTube, @facebook to open up analytics after 'historic' VPM launch https://t.co/z0nzOcz82J https://t.‚Ä¶",7,http://twitter.com/download/iphone
691822229248696321,2016-01-26 03:17:27,The @mykitchenrules blimp is flying high over our Australia skies today. #MKR launches Feb 1st on 7 after the Tennis https://t.co/COZcPb3GkE,0,http://twitter.com/download/iphone
691185327088619521,2016-01-24 09:06:38,RT @MichaelPell: Your first look: a new sun will rise on Feb 1 @sunriseon7 #sun7 https://t.co/rtB0BPIqaa,32,http://twitter.com/download/iphone
689915399442333696,2016-01-20 21:00:23,"We have a lot to thank @NickKyrgios for - 862,000 total streams yesterday for @7tennis from @Channel7 https://t.co/yMAklysUT6",0,http://twitter.com/download/iphone
689553617741688832,2016-01-19 21:02:48,"We've done it again @7tennis total streams reach 581,000 yesterday #HewBeauty https://t.co/3JLOfSUATU",0,http://twitter.com/download/iphone
689192997481648128,2016-01-18 21:09:49,"It's Official @7tennis total online streams were over 550,000 yesterday exceeding 2015's record breaking Melb Cup https://t.co/sPKatRCJOb",0,http://twitter.com/download/iphone
689067401938247680,2016-01-18 12:50:45,Thanks for making us Number 1 - All Categories in App Store for @7tennis app - record breaking streams data at 8am! https://t.co/qhw9yXNM5j,2,http://twitter.com/download/iphone
689066975784353792,2016-01-18 12:49:03,"@WP_DownUnder  Hi sheeds, thanks for the feedback https://t.co/dVXSMTI4wE supports mobile browsers &amp; Windows phone is on the RoadMap for RIO",0,http://twitter.com/download/iphone
688800162806796288,2016-01-17 19:08:50,The @AUSOlympicTeam gold rush just #200days away! #ComeWithUs &amp; share the journey #7Olympics #RoadtoRio @Channel7 https://t.co/dWYuUjOadj,0,http://twitter.com/download/iphone
688592541105565696,2016-01-17 05:23:49,Another Day - Another Device for @7tennis App now available on the big screen with New @APPLEOFFIClAL TV in AU https://t.co/XknGA7iXmc,0,http://twitter.com/download/iphone
688515764362465280,2016-01-17 00:18:44,RT @TV_Rev: The 7Tennis app is now available on Apple TV. @cdickens and his team have done a great job rolling this out.,1,http://twitter.com/download/iphone
688499892235276289,2016-01-16 23:15:40,RT @MediaweekAUS: 7Tennis launches app on Telstra TV: Up to 16 courts streaming live for the #AustralianOpen https://t.co/0mHgYBNWCc https:‚Ä¶,3,http://twitter.com/download/iphone
687825368435286016,2016-01-15 02:35:21,More @7tennis on even more devices - this time it's @Telstra TV #7TennisEverywhere https://t.co/uZ6AXZtsb0,0,http://twitter.com/download/iphone
687755766007119873,2016-01-14 21:58:47,RT @7tennis: Thanks @APPLEOFFIClAL for @AppStore shout out &amp; to our @7tennis fans making us Number One App. Monday here we come. https://t.‚Ä¶,9,http://twitter.com/download/iphone
687587248850665472,2016-01-14 10:49:09,Why Playing Molly Meldrum Is 'The Holy Grail' Of Acting ‚ô´ Coming to @Channel7 in February  https://t.co/ciBCt3uXIm,0,http://twitter.com/download/iphone
687586738655473664,2016-01-14 10:47:07,RT @7tennis: Many hands make light work - Watch the dance of the Sugar Plum Ball Kids  #7Tennis &gt; https://t.co/GgHzfgbkiu  https://t.co/99y‚Ä¶,6,http://twitter.com/download/iphone
685774004343341056,2016-01-09 10:43:58,RT @richardphelps: Our first #tvOS #app featured by the App Store! #tipa40  https://t.co/iRpyJYQgtb,1,http://twitter.com/download/iphone
684704490163798018,2016-01-06 11:54:06,Another new @7tennis app today - this time 4th generation @APPLE TV - Congrats @sevenwestmedia @thisisaim teams https://t.co/fmxpc6R0tj,4,http://twitter.com/download/iphone
684326836734537730,2016-01-05 10:53:26,RT @PeterDoherty7: Think I'm going to enjoy watching multiple streams of tennis this summer #BrisbaneTennis https://t.co/5zDPiPtsgz,3,http://twitter.com/download/iphone
683853875606982657,2016-01-04 03:34:03,Great to see our @7tennis app trending today in the @APPLEOFFIClAL @AppStore https://t.co/6RflzYogBn,2,http://twitter.com/download/iphone
683515859155812352,2016-01-03 05:10:54,Great to see @7tennis launched on @applenews for @AusOpen series - great work @sevenwestmedia @pacificmagazine teams https://t.co/NJb7FXiJwg,2,http://twitter.com/download/iphone
681968151710453760,2015-12-29 22:40:52,@nicchristensen I think you may have missed @THECHASEAUS - one of the biggest TV hits of the year from your list @Channel7,0,http://twitter.com/#!/download/ipad
680707763123585024,2015-12-26 11:12:32,RT @7tennis: Download the #7tennis app now to enjoy every single match of the 2016 #ausopen LIVE &amp; FREE: https://t.co/J7dKFsWNct https://t.‚Ä¶,10,http://twitter.com/download/iphone
680568191437807616,2015-12-26 01:57:55,RT @7tennis: Why not live stream @rshyr (Sydney - Hobart Yacht Race) from the the @7tennis app right now https://t.co/8pkbfGEFP6,2,http://twitter.com/download/iphone
680032587813814275,2015-12-24 14:29:37,RT @AninkaCunning26: Seven serves up new app for Australian Open and summer of tennis: The Seven Network is ramping up its digital ... http‚Ä¶,1,http://twitter.com/download/iphone
680004319119163392,2015-12-24 12:37:18,RT @kassulke: Dad and Grandad watching Frozen together. What even is happening. https://t.co/cx0DzehNkI,1,http://twitter.com/download/iphone
679947185539002368,2015-12-24 08:50:16,RT @7tennis: Enjoying @DisneyFrozen live now on @Channel7 thinking about how many sleeps left until @AustralianOpen Series #HappySnowman,3,http://twitter.com/download/iphone
678677517901758464,2015-12-20 20:45:04,We made number one on free Sports App Chart - Congrats @7Tennis Team https://t.co/nX9r68eaiy,2,http://twitter.com/#!/download/ipad
678144977419943936,2015-12-19 09:28:56,Happy Christmas from @woolworths @DisneyChannelAU and @Channel7 from 'Carols in the Domain' https://t.co/LU07XWRV5V,2,http://twitter.com/download/iphone
678127583225995264,2015-12-19 08:19:49,Our VIP guests waiting for Carols in the Domain Live on @Channel7 tonight and streamed on @YahooPLUS7 https://t.co/oW8AH05hqz,0,http://twitter.com/download/iphone
677955496268050432,2015-12-18 20:56:00,Congrats to our @Yahoo7 team for building one of the first 'native' apps for TVos with @YahooPLUS7 https://t.co/QG65qpdeDK,2,http://twitter.com/download/iphone
677789027634831360,2015-12-18 09:54:31,"RT @trevorlong: Who has NOT tried @Presto? If that's you &amp; you want 3 months free - hit me up, first 3 people to ask nicely WIN :) https://‚Ä¶",1,http://twitter.com/download/iphone
677788906935291905,2015-12-18 09:54:02,Watch this space! https://t.co/edr6yXogWp,0,http://twitter.com/download/iphone
676472871175098368,2015-12-14 18:44:35,"RT @7tennis: 2,000+ hrs of live, free &amp; exclusive action w/ our new Summer of #7Tennis app. On iOS now: https://t.co/VR52LBG2PG https://t.c‚Ä¶",9,http://twitter.com/download/iphone
676000279783870464,2015-12-13 11:26:40,"Stream Australian Open Series Live &amp; Free over 2,000 hours https://t.co/dVXSMTI4wE - Summer of 7Tennis Jan 2016 https://t.co/wN8cqGwIRF",0,http://twitter.com/download/iphone
675965796653342720,2015-12-13 09:09:39,RT @FremantleMedia: News from @FMAustralia! @ScreenAustralia and #ScreenQueensland support #PaulHogan project! Full story: https://t.co/6mI‚Ä¶,2,http://twitter.com/download/iphone
675965752021749762,2015-12-13 09:09:28,"RT @Screen_QLD: Cast and crew position enquiries for Paul Hogan Project, click for details.. https://t.co/rWgRvrSGV7",3,http://twitter.com/download/iphone
675965711773224961,2015-12-13 09:09:19,RT @ScreenAustralia: New miniseries about Paul Hogan coming to @Channel7 https://t.co/A2IBgRA1V6,1,http://twitter.com/download/iphone
675533609155956737,2015-12-12 04:32:17,RT @thewest_com_au: A teacher asked students to draw after the Esperance fires. The results are touching. MORE: https://t.co/Vfk5zm1ijw htt‚Ä¶,2,http://twitter.com/download/iphone
675522390848245760,2015-12-12 03:47:43,RT @7tennis: Pumped! #7Tennis #AusOpen https://t.co/Nmx4JuZgph,2,http://twitter.com/download/iphone
675255730958639104,2015-12-11 10:08:06,RT @JaneDoyle7: Thanks to our viewers for making @SevenNetwork @Ch7Adelaide No 1 in prime time for 9yrs @7NewsAdelaide &amp; @TodayTonightSA No‚Ä¶,13,http://twitter.com/download/iphone
675148765372788736,2015-12-11 03:03:03,"RT @MediaweekAUS: Presto subscribers have welcomed Home and Away: An Eye for an Eye, which drew record crowds https://t.co/kP0ExCWlyt https‚Ä¶",1,http://twitter.com/download/iphone
674210793114603520,2015-12-08 12:55:53,Congrats Team @presto for having the Number One entertainment app in AU #EyeForAnEye #homeandaway https://t.co/qERU9xbZbn,1,http://twitter.com/download/iphone
674206394040500224,2015-12-08 12:38:25,Congrats to @simplaio team and all the @murudau finalists from SYD3 - looking forward to working with you https://t.co/ISzTm772qT,6,http://twitter.com/download/iphone
674200094934044672,2015-12-08 12:13:23,RT @ItsStuartHarris: Fairfax invests in neighbourhood social media company Nabo: Fairfax Media has joined Seven West Media and West... http‚Ä¶,1,http://twitter.com/download/iphone
674131342796308480,2015-12-08 07:40:11,RT @simplaio: Thrilled to announce that Simpla will be joining @murudau #syd3 and receiving support from @sevenwestmedia in 2016! üéâüéâ,3,http://twitter.com/download/iphone
673768739691622400,2015-12-07 07:39:20,"Simpla - an alternative to the CMS, with dynamic HTML elements you can use anywhere  https://t.co/iH0r6xWkzY - Congrats",1,http://twitter.com/download/iphone
673707937630588928,2015-12-07 03:37:43,RT @AdNews: Fairfax takes 25% of hyperlocal social network Nabo https://t.co/YK4hDnMpe5 https://t.co/su1nCpZeb5,2,http://twitter.com/download/iphone
673707826817064960,2015-12-07 03:37:17,RT @MediaweekAUS: Screen Australia &amp; Screen Queensland confirm funding for FremantleMedia's Paul Hogan biopic https://t.co/hSLJv9dMA6 https‚Ä¶,3,http://twitter.com/download/iphone
673019912638455808,2015-12-05 06:03:45,RT @murudau: Crazy chaotic mentor deep dive coaching session at muru-D Bootcamp https://t.co/rqFJIvWQOs,4,http://twitter.com/download/iphone
672704211662929920,2015-12-04 09:09:16,RT @CaratAUNZ: Congratulations from the Carat team @sevenwestmedia - #bandtawards Media Sales Team of the Year https://t.co/YM354d0o5t,5,http://twitter.com/download/iphone
672702862757986304,2015-12-04 09:03:55,RT @markahollands: Well done Seven West : media sales team of the yr #BandTAwards @NewspaperWorks,4,http://twitter.com/download/iphone
672702789567430656,2015-12-04 09:03:37,RT @bandt: And Seven West Media nabs media sales team of the year! Congratulations! #BandTAwards,3,http://twitter.com/download/iphone
672294054504226816,2015-12-03 05:59:27,"RT @MediaweekAUS: The most-watched program on Aussie TV in 2015 is @Channel7's broadcast of #AFLGF.
https://t.co/pSr2Vu0WtA https://t.co/8u‚Ä¶",4,http://twitter.com/download/iphone
671436241624293376,2015-11-30 21:10:49,"RT @MediaweekAUS: Seven in 2015: Seven is Australia‚Äôs #1 + #1 in breakfast and morning television
https://t.co/6mld5q24SQ https://t.co/hHFn‚Ä¶",4,http://twitter.com/download/iphone
670186012505567232,2015-11-27 10:22:51,7 Wonder scores first children‚Äôs TV commission | Mediaweek - Congrats @7WonderUK team https://t.co/DrBXNex1Hr,2,http://twitter.com/download/iphone
669756454245543936,2015-11-26 05:55:56,"RT @MediaweekAUS: Australian drama @800words rating well for @Primetv_NZ in New Zealand
https://t.co/CAL4wKiA5b https://t.co/qmbCdph5JY",1,http://twitter.com/#!/download/ipad
669096503437201408,2015-11-24 10:13:32,RT @DanniiMinogue: #100degrees  https://t.co/u1VnsDz0rE,37,http://twitter.com/download/iphone
669087752307105792,2015-11-24 09:38:45,Last minute back stage final preparation for @thexfactor_au live final - stream to your mobile now @YahooPLUS7 https://t.co/gcQRiNTvmO,0,http://twitter.com/download/iphone
669055190469709824,2015-11-24 07:29:22,"RT @thexfactor_au: The #XFGrandFinal is tonight! Plus @kylieminogue, @DanniiMinogue, @RudimentalUk, @JamesBlunt &amp; @jasonderulo perform! htt‚Ä¶",22,http://twitter.com/download/iphone
668763264176664577,2015-11-23 12:09:21,"RT @gabbistubbs: Seven Network and TubeMogul, Inc. ink programmatic deal https://t.co/1yyww69ViD",2,http://twitter.com/download/iphone
668058635205914624,2015-11-21 13:29:25,RT @AustralianOpen: Be one of the first to see the superstars of tennis live at the #ausopen. Book your Rod Laver Arena tickets now! https:‚Ä¶,75,http://twitter.com/download/iphone
667878976325455872,2015-11-21 01:35:31,"RT @NeuvooMarSydn: Seven West Media is hiring! #SOCIAL #MEDIA EXECUTIVE PRODUCER in #Sydney, apply now! #jobs https://t.co/XFhQuUTDaT https‚Ä¶",1,http://twitter.com/download/iphone
667488076323647488,2015-11-19 23:42:13,"Great to see 7Golf featured in the AppStore - well done team - Live, Free and on the Go https://t.co/LbqUL6uB8R",3,http://twitter.com/#!/download/ipad
666800540924313600,2015-11-18 02:10:12,RT @markblair: Delighted to be part of @sevenwestmedia live initiatives for Melbourne Cup @ beyond #OTT15 thanks for the call out @cdickens,3,http://twitter.com/download/iphone
666552628264890368,2015-11-17 09:45:05,Congrats to the Pacific team for another great quarter of Audience growth  https://t.co/CZGo03wo6n,0,http://twitter.com/#!/download/ipad
665869774577004545,2015-11-15 12:31:40,Congrats to the our @7WonderUK team in London for another successful commission this time for BBC TV and Radio https://t.co/0cj5QzFZWC,1,http://twitter.com/#!/download/ipad
665725992086863872,2015-11-15 03:00:19,"RT @7NewsSydney: A minute's silence for Paris. @flo_tweet concert at @SydOperaHouse. #Prayers4Paris Video credit: @cdickens
https://t.co/L0‚Ä¶",14,http://twitter.com/download/iphone
665725829054226432,2015-11-15 02:59:40,"RT @7NewsSydney: The French flag flying above the Sydney Harbour Bridge. LATEST: https://t.co/jtbkycbgTO #Prayers4Paris #7News
https://t.co‚Ä¶",59,http://twitter.com/download/iphone
665482283768393728,2015-11-14 10:51:55,RT @thewest_com_au: Prince Charles has led a minute's silence at Cottesloe for those killed in #ParisAttacks https://t.co/x3YGAFmudu https:‚Ä¶,11,http://twitter.com/download/iphone
665470364462379008,2015-11-14 10:04:33,#Prayers4Paris from the Sydney Opera House and citizens of Australia https://t.co/BZpiyvl9EY,7,http://twitter.com/download/iphone
665382716758622208,2015-11-14 04:16:16,RT @smh: The Sydney Opera House will be lit in the colours of the French flag tonight https://t.co/zo2XAKnhHF #PrayforParis,124,http://twitter.com/download/iphone
664711717021089792,2015-11-12 07:49:57,It's meet Mentors night at @murudau as part of class #3 https://t.co/oo8vpRIops,3,http://twitter.com/download/iphone
664300336148934656,2015-11-11 04:35:16,RT @PeterDoherty7: Watching @sunriseon7 via the new Plus7 App while flying over Gold Coast Hinterland in @7NewsQueensland helicopter https:‚Ä¶,4,http://twitter.com/download/iphone
663672828839890944,2015-11-09 11:01:47,"RT @AUSOlympicTeam: Seven West Media CEO Tim Worner promises a ""viewing feast"" at #Rio2016! @Channel7 @womenshealthaus #ISWIS https://t.co/‚Ä¶",5,http://twitter.com/download/iphone
663672187560202240,2015-11-09 10:59:14,RT @JMunschi: @cdickens on the fascinating future of @sevenwestmedia  - smarter media https://t.co/aD1kYBK27G,2,http://twitter.com/download/iphone
662903093604954112,2015-11-07 08:03:08,Stream @starwars 'Return of the Jedi' Free on your mobile via @YahooPLUS7 app right now https://t.co/oMt4pS8Nf4,1,http://twitter.com/download/iphone
662822034204790784,2015-11-07 02:41:02,Out and about tonight? Why not live stream on your mobile @starwars 'Return of the Jedi' FREE on @YahooPLUS7 app https://t.co/m2MquseJda,1,http://twitter.com/download/iphone
662599881307979776,2015-11-06 11:58:16,Want to stream @Channel7 in bed. Then visit https://t.co/NTVesEpWvn or download @YahooPLUS7 free App https://t.co/iMt3QkBfLQ,1,http://twitter.com/download/iphone
662513916719689729,2015-11-06 06:16:41,"RT @CCDigital: Great result for our live streaming of The Melbourne Cup, with over 300,00 concurrent streams. Akamai Technologies c‚Ä¶https:/‚Ä¶",1,http://twitter.com/download/iphone
662513763795361792,2015-11-06 06:16:04,"RT @davidhabben: Streaming of Melbourne Cup in Australia delivered numbers over 10% of broadcast TV.   Is this the turning point? 
https://‚Ä¶",1,http://twitter.com/download/iphone
662513147824050177,2015-11-06 06:13:37,RT @AdNews: Melbourne Cup sees Seven break streaming records https://t.co/RUx6AvtGuP @sevenwestmedia #MelbourneCup https://t.co/0qAMRZnP9p,3,http://twitter.com/download/iphone
662513117390225408,2015-11-06 06:13:30,RT @MediaweekAUS: .@SevenWestMedia boast the largest ever live streamed event in Australia w the #MelbourneCup https://t.co/vRfby5ZJ81 http‚Ä¶,3,http://twitter.com/download/iphone
662512743518355456,2015-11-06 06:12:01,@benjmig @Channel9 @SevenNetwork @channelten @abciview very soon!,0,http://twitter.com/download/iphone
662512384557232128,2015-11-06 06:10:36,"RT @MediaweekAUS: Let‚Äôs Talk About‚Ä¶ @Presto‚Äôs experiment with short-form
https://t.co/tW4kOuafXv https://t.co/ErZo9QGbWT",3,http://twitter.com/download/iphone
661851543382069250,2015-11-04 10:24:39,RT @JMunschi: Amazing kick off @sevenwestmedia congrats on a very promising first day. https://t.co/PJdrhesgoV,1,http://twitter.com/download/iphone
661674352983732225,2015-11-03 22:40:33,RT @nicchristensen: How did the #MelbourneCup go in terms of ratings? Figures are here: https://t.co/FHN8tJZ7nb,2,http://twitter.com/download/iphone
661659444183330816,2015-11-03 21:41:19,"Congrats to team - 342,765 live concurrent streams during 5min Mel Cup (source Akamai) 480,000 over whole race day. https://t.co/jzWSh6vz8U",5,http://twitter.com/#!/download/ipad
661444156242268160,2015-11-03 07:25:50,"RT @cdickens: Thankfully it didn't break the Internet, but it did break a few records #7Live #MelbCup Embargoed 9:05am Tomorrow https://t.c‚Ä¶",1,http://twitter.com/download/iphone
661385258265219072,2015-11-03 03:31:48,RT @cdickens: Stream it live on @YahooPLUS7 or https://t.co/7VqLNia6BY https://t.co/XMBgh67vRR,2,http://twitter.com/download/iphone
661334073969737728,2015-11-03 00:08:24,"RT @Channel7: We're streaming the #MelbourneCup right now, LIVE &amp; FREE! Get the #PLUS7live app to watch https://t.co/05acIUpQkV https://t.c‚Ä¶",11,http://twitter.com/download/iphone
661333834491793408,2015-11-03 00:07:27,RT @7NewsSydney: .@Channel7 begins streaming on all devices from Melbourne Cup Day. https://t.co/L6OhhTjguH + https://t.co/NpgtwJJLfF https‚Ä¶,7,http://twitter.com/download/iphone
661277096895844352,2015-11-02 20:22:00,RT @7NewsSydney: .@Channel7 begins 24/7 live streaming today. https://t.co/L6OhhTjguH + https://t.co/NpgtwJJLfF @YahooPLUS7 https://t.co/L2‚Ä¶,7,http://twitter.com/download/iphone
661118208548560897,2015-11-02 09:50:38,Get a sneak peak right now @Yahoo7 plus7 live  https://t.co/ZZAjO4wRvE,0,http://twitter.com/download/iphone
661113430837866496,2015-11-02 09:31:39,RT @PeterDoherty7: The FIRST edition of @7NewsToowoomba now on-air serving Queensland's Darling Downs #7News https://t.co/vzKPSTd31F,10,http://twitter.com/download/iphone
661027244551241728,2015-11-02 03:49:11,RT @AdNews: Mobile streaming on the up and more 'Big Bang' for viewers' bucks https://t.co/6gNpHKG9QA @sevenwestmedia @Foxtel https://t.co/‚Ä¶,3,http://twitter.com/#!/download/ipad
660781988182265857,2015-11-01 11:34:37,RT @ThomasWoodgate: Bazinga! #BigBangTheory is coming to @presto in December! Clearing the schedule that first weekend in 3...2...1... http‚Ä¶,3,http://twitter.com/download/iphone
660181817572458496,2015-10-30 19:49:45,"RT @murudau: Less than 24hrs to go! Don't miss out, complete your SYD3 application NOW https://t.co/Ir9eKKdTDy https://t.co/uEisvEddfd",3,http://twitter.com/download/iphone
659193525716692992,2015-10-28 02:22:38,RT @AustralianOpen: Summer in Melbourne can mean only one thing! It‚Äôs Open Season for the #ausopen. 18-31 Jan at Melb Park. https://t.co/Bq‚Ä¶,297,http://twitter.com/download/iphone
659153771079954432,2015-10-27 23:44:40,"RT @murudau: Don‚Äôt forget that @murudau and @sevenwestmedia are looking for a media startups! Apply: https://t.co/0TWEF5Bmvo
https://t.co/l‚Ä¶",3,http://twitter.com/download/iphone
659125606798397440,2015-10-27 21:52:45,RT @cdickens: Final Day of our #NowNextFuture @sevenwestmedia 'NewFronts' presentations https://t.co/9tKPYJmS2J,1,http://twitter.com/download/iphone
658873173882990592,2015-10-27 05:09:40,Congrats to @murudau our partners in innovation! https://t.co/sLxZVVXJ4S,0,http://twitter.com/download/iphone
658837531912335360,2015-10-27 02:48:02,Congrats to @Presto team for being the first SVOD service on Telstra TV box from launch  https://t.co/7QEmZwpVfh,2,http://twitter.com/download/iphone
658829987986862082,2015-10-27 02:18:04,Check out our ground breaking 'Share of Eye' study https://t.co/5VNXAEyRwp #NowNextFuture https://t.co/Skv2ndegpT,25,http://twitter.com/download/iphone
658790069810016256,2015-10-26 23:39:27,Penultimate Day of @sevenwestmedia #NowNextFuture 'NewFronts' https://t.co/PADiHUhYdO,1,http://twitter.com/download/iphone
658780550426050560,2015-10-26 23:01:37,RT @AdNews: First cab off the rank ‚Äì media bosses weigh in on @sevenwestmedia's NewFronts https://t.co/1uZ5vdii9o https://t.co/hAoqIm45wT,1,http://twitter.com/download/iphone
658068606148698112,2015-10-24 23:52:36,Why not spend Sunday learning about the changing Australian Television &amp; Video market with https://t.co/5VNXAEyRwp https://t.co/RjjNGsAUWz,2,http://twitter.com/download/iphone
657646932739817472,2015-10-23 19:57:01,RT @MediaweekAUS: #MWmag Seven's Tim Worner on the media landscape: Certain genres will become more valuable http://t.co/73B38K4OEC http://‚Ä¶,1,http://twitter.com/download/iphone
657646837633912833,2015-10-23 19:56:39,RT @dan_murphy: The 'big red train' still steaming ahead - How Seven CEO Tim Worner plans to profit from disruption. @MediaweekAUS  https:/‚Ä¶,1,http://twitter.com/download/iphone
657312946901483520,2015-10-22 21:49:53,Day Four - #NowNextFuture - @SevenWestMedia 'NewFronts' https://t.co/7vfjZDUeO6,2,http://twitter.com/download/iphone
657086818928586752,2015-10-22 06:51:20,RT @cdickens: Great to see the @sevenwestmedia #SWOMP for the Muru-D #60secPitch https://t.co/NSTkEdd6vm,5,http://twitter.com/download/iphone
657075380818305024,2015-10-22 06:05:53,Not quite an Oscar Selfie but here is our #NowNextFuture Selfie https://t.co/HD8J6KEsUz,0,http://twitter.com/download/iphone
656990589494296576,2015-10-22 00:28:57,"RT @MediaweekAUS: Apple News launches in Australia. Local publishers, including Pacific Magazines, on board. https://t.co/PfGV0dQHwc https:‚Ä¶",5,http://twitter.com/download/iphone
656981307889618944,2015-10-21 23:52:04,RT @cdickens: Congrats @PacificMagazines on launching @GirlfriendMAG @BrideToBeMag @InStyleMag within first version of Apple News  https://‚Ä¶,5,http://twitter.com/download/iphone
656981041480011776,2015-10-21 23:51:01,RT @darrendavidson: Tim Worner has insisted Seven is ‚Äústill steaming ahead‚Äù despite facing competition from new forms of viewing https://t.‚Ä¶,2,http://twitter.com/download/iphone
656980771945615360,2015-10-21 23:49:56,RT @smh: Less reality TV and more local drama on Seven Network in 2016. https://t.co/uMTCV1W2WB,8,http://twitter.com/download/iphone
656948808744501249,2015-10-21 21:42:56,RT @cdickens: Day Three of @sevenwestmedia  #NowNextFuture - Annual Innovation &amp; Content 'NewFronts' https://t.co/NzUDMG892h,1,http://twitter.com/download/iphone
656687591375306752,2015-10-21 04:24:57,"RT @james_r_mcgrath: @cdickens @Hyperloop Man, it would be awesome if Seven described itself as ""the big red hyperloop"". Make it happen.",2,http://twitter.com/download/iphone
656584206168944641,2015-10-20 21:34:08,RT @cdickens: My home for the next week at the Annual @sevenwestmedia NewFronts presentations - break a leg! #NowNextFuture https://t.co/a7‚Ä¶,2,http://twitter.com/download/iphone
655976663554002944,2015-10-19 05:19:58,"RT @MediaweekAUS: Australians watch over fours hours video on a typical day, a new research reveals.
http://t.co/qtdrn4M6x4 http://t.co/cBs‚Ä¶",6,http://twitter.com/download/iphone
655976636794277888,2015-10-19 05:19:52,RT @TankStreamLabs: Fast track to @murudau interview stages? Join @murudau and @sevenwestmedia for a joint 60sec pitching comp on 22/10 htt‚Ä¶,2,http://twitter.com/download/iphone
655651702176026624,2015-10-18 07:48:41,RT @murudau: Apply to Muru-D Australia #SYD3 now! http://t.co/DeuMo0TcPe http://t.co/8jAm5ABbW7,2,http://twitter.com/download/iphone
654510265455673344,2015-10-15 04:13:02,RT @cdickens: Looking forward to next weeks '60 second' pitch night with @murudau hosted by @sevenwestmedia tickets here https://t.co/9DxwG‚Ä¶,1,http://twitter.com/download/iphone
654196225491648512,2015-10-14 07:25:09,RT @cdickens: First ever feature length @Homeandawayofficial special coming exclusively to @Presto very soon http://t.co/4zObn4m8Lo,2,http://twitter.com/download/iphone
651706257179455488,2015-10-07 10:30:54,RT @cdickens: Congrats @Yahoo7 &amp; @sevenwestmedia teams officially 7th biggest mobile brand with 4.8m Monthly smartphones users http://t.co/‚Ä¶,1,http://twitter.com/download/iphone
650606097024180224,2015-10-04 09:39:15,RT @scottobrien61: @cdickens @sevenwestmedia @murudau this is great news. Well done to all parties involved! #startupnation moves to Oz,1,http://twitter.com/download/iphone
